,Accuracy,F1 Score
XGBoost,0.5655948553054663,0.5296971920524147
Random Forest,0.5768488745980708,0.5175418046502391
Logistic Regression,0.577491961414791,0.4232489620266634
